"LOCATION";"INDICATOR";"SUBJECT";"MEASURE";"FREQUENCY";"TIME";"Value";"Flag Codes"
"AUS";"HOUSECOST";"NOMINAL";"IDX2015";"A";"2000";33.5958677708319;
"AUS";"HOUSECOST";"NOMINAL";"IDX2015";"A";"2001";37.3687292014822;
"AUS";"HOUSECOST";"NOMINAL";"IDX2015";"A";"2002";44.3726470145656;
"AUS";"HOUSECOST";"NOMINAL";"IDX2015";"A";"2003";52.3758635705696;
"AUS";"HOUSECOST";"NOMINAL";"IDX2015";"A";"2004";55.6468976369558;
"AUS";"HOUSECOST";"NOMINAL";"IDX2015";"A";"2005";56.664709342083;
"AUS";"HOUSECOST";"NOMINAL";"IDX2015";"A";"2006";60.5793697475723;
"AUS";"HOUSECOST";"NOMINAL";"IDX2015";"A";"2007";66.9602662033699;
"AUS";"HOUSECOST";"NOMINAL";"IDX2015";"A";"2008";69.6026619787002;
"AUS";"HOUSECOST";"NOMINAL";"IDX2015";"A";"2009";72.4212174665526;
"AUS";"HOUSECOST";"NOMINAL";"IDX2015";"A";"2010";80.8768839401095;
"AUS";"HOUSECOST";"NOMINAL";"IDX2015";"A";"2011";79.1348600623918;
"AUS";"HOUSECOST";"NOMINAL";"IDX2015";"A";"2012";78.88040713486;
"AUS";"HOUSECOST";"NOMINAL";"IDX2015";"A";"2013";84.1064787705132;
"AUS";"HOUSECOST";"NOMINAL";"IDX2015";"A";"2014";91.7204932589649;
"AUS";"HOUSECOST";"NOMINAL";"IDX2015";"A";"2015";100;
"AUS";"HOUSECOST";"NOMINAL";"IDX2015";"A";"2016";105.500097863187;
"AUS";"HOUSECOST";"NOMINAL";"IDX2015";"A";"2017";114.308083789288;
"AUS";"HOUSECOST";"NOMINAL";"IDX2015";"A";"2018";112.663926413804;
"AUT";"HOUSECOST";"NOMINAL";"IDX2015";"A";"2000";58.5838607572212;
"AUT";"HOUSECOST";"NOMINAL";"IDX2015";"A";"2001";59.0818235759494;
"AUT";"HOUSECOST";"NOMINAL";"IDX2015";"A";"2002";59.4186807753165;
"AUT";"HOUSECOST";"NOMINAL";"IDX2015";"A";"2003";59.579786392405;
"AUT";"HOUSECOST";"NOMINAL";"IDX2015";"A";"2004";58.4374011075949;
"AUT";"HOUSECOST";"NOMINAL";"IDX2015";"A";"2005";61.3519481803797;
"AUT";"HOUSECOST";"NOMINAL";"IDX2015";"A";"2006";63.8710541930379;
"AUT";"HOUSECOST";"NOMINAL";"IDX2015";"A";"2007";66.8588310917721;
"AUT";"HOUSECOST";"NOMINAL";"IDX2015";"A";"2008";67.576483386076;
"AUT";"HOUSECOST";"NOMINAL";"IDX2015";"A";"2009";70.2127571202532;
"AUT";"HOUSECOST";"NOMINAL";"IDX2015";"A";"2010";76.7975;
"AUT";"HOUSECOST";"NOMINAL";"IDX2015";"A";"2011";81.5975;
"AUT";"HOUSECOST";"NOMINAL";"IDX2015";"A";"2012";87.57;
"AUT";"HOUSECOST";"NOMINAL";"IDX2015";"A";"2013";92.1;
"AUT";"HOUSECOST";"NOMINAL";"IDX2015";"A";"2014";95.33;
"AUT";"HOUSECOST";"NOMINAL";"IDX2015";"A";"2015";100;
"AUT";"HOUSECOST";"NOMINAL";"IDX2015";"A";"2016";108.5325;
"AUT";"HOUSECOST";"NOMINAL";"IDX2015";"A";"2017";114.2588;
"AUT";"HOUSECOST";"NOMINAL";"IDX2015";"A";"2018";119.640000004108;
"BEL";"HOUSECOST";"NOMINAL";"IDX2015";"A";"2000";50.1144357638266;
"BEL";"HOUSECOST";"NOMINAL";"IDX2015";"A";"2001";52.5419853299417;
"BEL";"HOUSECOST";"NOMINAL";"IDX2015";"A";"2002";55.9050385372971;
"BEL";"HOUSECOST";"NOMINAL";"IDX2015";"A";"2003";59.7605584364211;
"BEL";"HOUSECOST";"NOMINAL";"IDX2015";"A";"2004";64.9525121087456;
"BEL";"HOUSECOST";"NOMINAL";"IDX2015";"A";"2005";72.5361832041196;
"BEL";"HOUSECOST";"NOMINAL";"IDX2015";"A";"2006";79.6153750980577;
"BEL";"HOUSECOST";"NOMINAL";"IDX2015";"A";"2007";85.8185760371272;
"BEL";"HOUSECOST";"NOMINAL";"IDX2015";"A";"2008";89.6052178815592;
"BEL";"HOUSECOST";"NOMINAL";"IDX2015";"A";"2009";89.1830343041225;
"BEL";"HOUSECOST";"NOMINAL";"IDX2015";"A";"2010";91.9777099212033;
"BEL";"HOUSECOST";"NOMINAL";"IDX2015";"A";"2011";95.6758325156487;
"BEL";"HOUSECOST";"NOMINAL";"IDX2015";"A";"2012";97.813519232828;
"BEL";"HOUSECOST";"NOMINAL";"IDX2015";"A";"2013";98.9619326726557;
"BEL";"HOUSECOST";"NOMINAL";"IDX2015";"A";"2014";98.4170000052374;
"BEL";"HOUSECOST";"NOMINAL";"IDX2015";"A";"2015";100;
"BEL";"HOUSECOST";"NOMINAL";"IDX2015";"A";"2016";102.640656934604;
"BEL";"HOUSECOST";"NOMINAL";"IDX2015";"A";"2017";106.373012009044;
"BEL";"HOUSECOST";"NOMINAL";"IDX2015";"A";"2018";109.4151384578;
"CAN";"HOUSECOST";"NOMINAL";"IDX2015";"A";"2000";40.0674256447638;
"CAN";"HOUSECOST";"NOMINAL";"IDX2015";"A";"2001";41.9616738440291;
"CAN";"HOUSECOST";"NOMINAL";"IDX2015";"A";"2002";45.3439858818565;
"CAN";"HOUSECOST";"NOMINAL";"IDX2015";"A";"2003";49.125288932795;
"CAN";"HOUSECOST";"NOMINAL";"IDX2015";"A";"2004";53.1588387059648;
"CAN";"HOUSECOST";"NOMINAL";"IDX2015";"A";"2005";57.4072297938866;
"CAN";"HOUSECOST";"NOMINAL";"IDX2015";"A";"2006";64.1224595494087;
"CAN";"HOUSECOST";"NOMINAL";"IDX2015";"A";"2007";71.5320871258261;
"CAN";"HOUSECOST";"NOMINAL";"IDX2015";"A";"2008";75.4371157553495;
"CAN";"HOUSECOST";"NOMINAL";"IDX2015";"A";"2009";73.3337809194059;
"CAN";"HOUSECOST";"NOMINAL";"IDX2015";"A";"2010";79.8629427505443;
"CAN";"HOUSECOST";"NOMINAL";"IDX2015";"A";"2011";83.8293546128542;
"CAN";"HOUSECOST";"NOMINAL";"IDX2015";"A";"2012";87.8643430555424;
"CAN";"HOUSECOST";"NOMINAL";"IDX2015";"A";"2013";90.124972425501;
"CAN";"HOUSECOST";"NOMINAL";"IDX2015";"A";"2014";94.8840911924653;
"CAN";"HOUSECOST";"NOMINAL";"IDX2015";"A";"2015";100;
"CAN";"HOUSECOST";"NOMINAL";"IDX2015";"A";"2016";109.947920163433;
"CAN";"HOUSECOST";"NOMINAL";"IDX2015";"A";"2017";123.258970104448;
"CAN";"HOUSECOST";"NOMINAL";"IDX2015";"A";"2018";128.243000868743;
"CZE";"HOUSECOST";"NOMINAL";"IDX2015";"A";"2008";100.800000001036;
"CZE";"HOUSECOST";"NOMINAL";"IDX2015";"A";"2009";96.9250000000001;
"CZE";"HOUSECOST";"NOMINAL";"IDX2015";"A";"2010";95.225;
"CZE";"HOUSECOST";"NOMINAL";"IDX2015";"A";"2011";95.25;
"CZE";"HOUSECOST";"NOMINAL";"IDX2015";"A";"2012";93.85;
"CZE";"HOUSECOST";"NOMINAL";"IDX2015";"A";"2013";93.875;
"CZE";"HOUSECOST";"NOMINAL";"IDX2015";"A";"2014";96.175;
"CZE";"HOUSECOST";"NOMINAL";"IDX2015";"A";"2015";100;
"CZE";"HOUSECOST";"NOMINAL";"IDX2015";"A";"2016";107.15;
"CZE";"HOUSECOST";"NOMINAL";"IDX2015";"A";"2017";119.7;
"CZE";"HOUSECOST";"NOMINAL";"IDX2015";"A";"2018";130.000000000409;
"DNK";"HOUSECOST";"NOMINAL";"IDX2015";"A";"2000";56.7421532364597;
"DNK";"HOUSECOST";"NOMINAL";"IDX2015";"A";"2001";60.0579293262879;
"DNK";"HOUSECOST";"NOMINAL";"IDX2015";"A";"2002";62.2268956406869;
"DNK";"HOUSECOST";"NOMINAL";"IDX2015";"A";"2003";64.1964167767502;
"DNK";"HOUSECOST";"NOMINAL";"IDX2015";"A";"2004";69.9304656538969;
"DNK";"HOUSECOST";"NOMINAL";"IDX2015";"A";"2005";82.9249999999999;
"DNK";"HOUSECOST";"NOMINAL";"IDX2015";"A";"2006";102.8925;
"DNK";"HOUSECOST";"NOMINAL";"IDX2015";"A";"2007";105.645;
"DNK";"HOUSECOST";"NOMINAL";"IDX2015";"A";"2008";100.1875;
"DNK";"HOUSECOST";"NOMINAL";"IDX2015";"A";"2009";88.1874999999999;
"DNK";"HOUSECOST";"NOMINAL";"IDX2015";"A";"2010";90.6574999999999;
"DNK";"HOUSECOST";"NOMINAL";"IDX2015";"A";"2011";89.1224999999999;
"DNK";"HOUSECOST";"NOMINAL";"IDX2015";"A";"2012";86.7124999999999;
"DNK";"HOUSECOST";"NOMINAL";"IDX2015";"A";"2013";90.0899999999999;
"DNK";"HOUSECOST";"NOMINAL";"IDX2015";"A";"2014";93.4874999999999;
"DNK";"HOUSECOST";"NOMINAL";"IDX2015";"A";"2015";100;
"DNK";"HOUSECOST";"NOMINAL";"IDX2015";"A";"2016";105.215;
"DNK";"HOUSECOST";"NOMINAL";"IDX2015";"A";"2017";109.9975;
"DNK";"HOUSECOST";"NOMINAL";"IDX2015";"A";"2018";114.940000001337;
"FIN";"HOUSECOST";"NOMINAL";"IDX2015";"A";"2000";58.7840917788858;
"FIN";"HOUSECOST";"NOMINAL";"IDX2015";"A";"2001";57.9469645878723;
"FIN";"HOUSECOST";"NOMINAL";"IDX2015";"A";"2002";61.427750786172;
"FIN";"HOUSECOST";"NOMINAL";"IDX2015";"A";"2003";65.3223763858983;
"FIN";"HOUSECOST";"NOMINAL";"IDX2015";"A";"2004";70.6531569860088;
"FIN";"HOUSECOST";"NOMINAL";"IDX2015";"A";"2005";76.2519062976573;
"FIN";"HOUSECOST";"NOMINAL";"IDX2015";"A";"2006";81.557038925973;
"FIN";"HOUSECOST";"NOMINAL";"IDX2015";"A";"2007";86.3671591789793;
"FIN";"HOUSECOST";"NOMINAL";"IDX2015";"A";"2008";87.0621765544137;
"FIN";"HOUSECOST";"NOMINAL";"IDX2015";"A";"2009";88.3147078676966;
"FIN";"HOUSECOST";"NOMINAL";"IDX2015";"A";"2010";93.8848471211779;
"FIN";"HOUSECOST";"NOMINAL";"IDX2015";"A";"2011";96.867421685542;
"FIN";"HOUSECOST";"NOMINAL";"IDX2015";"A";"2012";99.2074801870045;
"FIN";"HOUSECOST";"NOMINAL";"IDX2015";"A";"2013";100.355008875222;
"FIN";"HOUSECOST";"NOMINAL";"IDX2015";"A";"2014";99.9974999374983;
"FIN";"HOUSECOST";"NOMINAL";"IDX2015";"A";"2015";100;
"FIN";"HOUSECOST";"NOMINAL";"IDX2015";"A";"2016";100.442511062776;
"FIN";"HOUSECOST";"NOMINAL";"IDX2015";"A";"2017";102.012550313757;
"FIN";"HOUSECOST";"NOMINAL";"IDX2015";"A";"2018";102.890072251157;
"FRA";"HOUSECOST";"NOMINAL";"IDX2015";"A";"2000";49.1;
"FRA";"HOUSECOST";"NOMINAL";"IDX2015";"A";"2001";52.975;
"FRA";"HOUSECOST";"NOMINAL";"IDX2015";"A";"2002";57.55;
"FRA";"HOUSECOST";"NOMINAL";"IDX2015";"A";"2003";64.4;
"FRA";"HOUSECOST";"NOMINAL";"IDX2015";"A";"2004";74.075;
"FRA";"HOUSECOST";"NOMINAL";"IDX2015";"A";"2005";85.525;
"FRA";"HOUSECOST";"NOMINAL";"IDX2015";"A";"2006";95.825;
"FRA";"HOUSECOST";"NOMINAL";"IDX2015";"A";"2007";102.075;
"FRA";"HOUSECOST";"NOMINAL";"IDX2015";"A";"2008";103.025;
"FRA";"HOUSECOST";"NOMINAL";"IDX2015";"A";"2009";95.7;
"FRA";"HOUSECOST";"NOMINAL";"IDX2015";"A";"2010";100.575;
"FRA";"HOUSECOST";"NOMINAL";"IDX2015";"A";"2011";106.55;
"FRA";"HOUSECOST";"NOMINAL";"IDX2015";"A";"2012";105.975;
"FRA";"HOUSECOST";"NOMINAL";"IDX2015";"A";"2013";103.8;
"FRA";"HOUSECOST";"NOMINAL";"IDX2015";"A";"2014";101.925;
"FRA";"HOUSECOST";"NOMINAL";"IDX2015";"A";"2015";100;
"FRA";"HOUSECOST";"NOMINAL";"IDX2015";"A";"2016";100.925;
"FRA";"HOUSECOST";"NOMINAL";"IDX2015";"A";"2017";103.975;
"FRA";"HOUSECOST";"NOMINAL";"IDX2015";"A";"2018";107.2;
"DEU";"HOUSECOST";"NOMINAL";"IDX2015";"A";"2000";84.3710927731934;
"DEU";"HOUSECOST";"NOMINAL";"IDX2015";"A";"2001";84.4211052763192;
"DEU";"HOUSECOST";"NOMINAL";"IDX2015";"A";"2002";83.320830207552;
"DEU";"HOUSECOST";"NOMINAL";"IDX2015";"A";"2003";83.6459114778695;
"DEU";"HOUSECOST";"NOMINAL";"IDX2015";"A";"2004";82.3205801450364;
"DEU";"HOUSECOST";"NOMINAL";"IDX2015";"A";"2005";83.3458364591149;
"DEU";"HOUSECOST";"NOMINAL";"IDX2015";"A";"2006";83.0207551887973;
"DEU";"HOUSECOST";"NOMINAL";"IDX2015";"A";"2007";81.2453113278321;
"DEU";"HOUSECOST";"NOMINAL";"IDX2015";"A";"2008";82.3455863965993;
"DEU";"HOUSECOST";"NOMINAL";"IDX2015";"A";"2009";83.0207551887973;
"DEU";"HOUSECOST";"NOMINAL";"IDX2015";"A";"2010";83.8709677419355;
"DEU";"HOUSECOST";"NOMINAL";"IDX2015";"A";"2011";86.7966991747938;
"DEU";"HOUSECOST";"NOMINAL";"IDX2015";"A";"2012";89.7724431107778;
"DEU";"HOUSECOST";"NOMINAL";"IDX2015";"A";"2013";92.5981495373845;
"DEU";"HOUSECOST";"NOMINAL";"IDX2015";"A";"2014";95.4988747186798;
"DEU";"HOUSECOST";"NOMINAL";"IDX2015";"A";"2015";100;
"DEU";"HOUSECOST";"NOMINAL";"IDX2015";"A";"2016";105.976494123531;
"DEU";"HOUSECOST";"NOMINAL";"IDX2015";"A";"2017";110.802700675169;
"DEU";"HOUSECOST";"NOMINAL";"IDX2015";"A";"2018";116.354088517711;
"GRC";"HOUSECOST";"NOMINAL";"IDX2015";"A";"2000";88.851879486951;
"GRC";"HOUSECOST";"NOMINAL";"IDX2015";"A";"2001";101.647960562212;
"GRC";"HOUSECOST";"NOMINAL";"IDX2015";"A";"2002";115.732449354747;
"GRC";"HOUSECOST";"NOMINAL";"IDX2015";"A";"2003";121.972543503655;
"GRC";"HOUSECOST";"NOMINAL";"IDX2015";"A";"2004";124.796164653161;
"GRC";"HOUSECOST";"NOMINAL";"IDX2015";"A";"2005";138.391754600782;
"GRC";"HOUSECOST";"NOMINAL";"IDX2015";"A";"2006";156.359745697637;
"GRC";"HOUSECOST";"NOMINAL";"IDX2015";"A";"2007";166.037798345944;
"GRC";"HOUSECOST";"NOMINAL";"IDX2015";"A";"2008";168.464175920519;
"GRC";"HOUSECOST";"NOMINAL";"IDX2015";"A";"2009";161.222116721786;
"GRC";"HOUSECOST";"NOMINAL";"IDX2015";"A";"2010";154.170358148021;
"GRC";"HOUSECOST";"NOMINAL";"IDX2015";"A";"2011";145.662666749509;
"GRC";"HOUSECOST";"NOMINAL";"IDX2015";"A";"2012";128.533147127507;
"GRC";"HOUSECOST";"NOMINAL";"IDX2015";"A";"2013";114.501116529962;
"GRC";"HOUSECOST";"NOMINAL";"IDX2015";"A";"2014";105.365878731561;
"GRC";"HOUSECOST";"NOMINAL";"IDX2015";"A";"2015";100;
"GRC";"HOUSECOST";"NOMINAL";"IDX2015";"A";"2016";97.5884823129222;
"GRC";"HOUSECOST";"NOMINAL";"IDX2015";"A";"2017";96.5633143381015;
"GRC";"HOUSECOST";"NOMINAL";"IDX2015";"A";"2018";98.1329065124147;
"HUN";"HOUSECOST";"NOMINAL";"IDX2015";"A";"2007";98.9099999976162;
"HUN";"HOUSECOST";"NOMINAL";"IDX2015";"A";"2008";101.2575;
"HUN";"HOUSECOST";"NOMINAL";"IDX2015";"A";"2009";95.9524999999999;
"HUN";"HOUSECOST";"NOMINAL";"IDX2015";"A";"2010";93.66;
"HUN";"HOUSECOST";"NOMINAL";"IDX2015";"A";"2011";90.4474999999999;
"HUN";"HOUSECOST";"NOMINAL";"IDX2015";"A";"2012";87.0974999999999;
"HUN";"HOUSECOST";"NOMINAL";"IDX2015";"A";"2013";84.87;
"HUN";"HOUSECOST";"NOMINAL";"IDX2015";"A";"2014";88.4274999999999;
"HUN";"HOUSECOST";"NOMINAL";"IDX2015";"A";"2015";100;
"HUN";"HOUSECOST";"NOMINAL";"IDX2015";"A";"2016";113.3775;
"HUN";"HOUSECOST";"NOMINAL";"IDX2015";"A";"2017";120.13;
"HUN";"HOUSECOST";"NOMINAL";"IDX2015";"A";"2018";131.742499998647;
"ISL";"HOUSECOST";"NOMINAL";"IDX2015";"A";"2005";60.6000000005487;
"ISL";"HOUSECOST";"NOMINAL";"IDX2015";"A";"2006";70.7924999999999;
"ISL";"HOUSECOST";"NOMINAL";"IDX2015";"A";"2007";77.4424999999999;
"ISL";"HOUSECOST";"NOMINAL";"IDX2015";"A";"2008";82.2574999999999;
"ISL";"HOUSECOST";"NOMINAL";"IDX2015";"A";"2009";74.2774999999999;
"ISL";"HOUSECOST";"NOMINAL";"IDX2015";"A";"2010";72.0224999999999;
"ISL";"HOUSECOST";"NOMINAL";"IDX2015";"A";"2011";75.3574999999999;
"ISL";"HOUSECOST";"NOMINAL";"IDX2015";"A";"2012";80.5649999999999;
"ISL";"HOUSECOST";"NOMINAL";"IDX2015";"A";"2013";85.2074999999999;
"ISL";"HOUSECOST";"NOMINAL";"IDX2015";"A";"2014";92.3849999999999;
"ISL";"HOUSECOST";"NOMINAL";"IDX2015";"A";"2015";100;
"ISL";"HOUSECOST";"NOMINAL";"IDX2015";"A";"2016";109.77;
"ISL";"HOUSECOST";"NOMINAL";"IDX2015";"A";"2017";131.2;
"ISL";"HOUSECOST";"NOMINAL";"IDX2015";"A";"2018";142.010000001738;
"IRL";"HOUSECOST";"NOMINAL";"IDX2015";"A";"2000";79.5350295435363;
"IRL";"HOUSECOST";"NOMINAL";"IDX2015";"A";"2001";89.3885494028043;
"IRL";"HOUSECOST";"NOMINAL";"IDX2015";"A";"2002";95.6258908504964;
"IRL";"HOUSECOST";"NOMINAL";"IDX2015";"A";"2003";109.224915392944;
"IRL";"HOUSECOST";"NOMINAL";"IDX2015";"A";"2004";121.41775988517;
"IRL";"HOUSECOST";"NOMINAL";"IDX2015";"A";"2005";131.881702957426;
"IRL";"HOUSECOST";"NOMINAL";"IDX2015";"A";"2006";151.498712532186;
"IRL";"HOUSECOST";"NOMINAL";"IDX2015";"A";"2007";162.80092997675;
"IRL";"HOUSECOST";"NOMINAL";"IDX2015";"A";"2008";151.501212469688;
"IRL";"HOUSECOST";"NOMINAL";"IDX2015";"A";"2009";122.484437889053;
"IRL";"HOUSECOST";"NOMINAL";"IDX2015";"A";"2010";105.954851128722;
"IRL";"HOUSECOST";"NOMINAL";"IDX2015";"A";"2011";87.8603034924125;
"IRL";"HOUSECOST";"NOMINAL";"IDX2015";"A";"2012";76.0355991100221;
"IRL";"HOUSECOST";"NOMINAL";"IDX2015";"A";"2013";76.9830754231143;
"IRL";"HOUSECOST";"NOMINAL";"IDX2015";"A";"2014";89.7177570560734;
"IRL";"HOUSECOST";"NOMINAL";"IDX2015";"A";"2015";100;
"IRL";"HOUSECOST";"NOMINAL";"IDX2015";"A";"2016";107.459813504662;
"IRL";"HOUSECOST";"NOMINAL";"IDX2015";"A";"2017";119.174520636984;
"IRL";"HOUSECOST";"NOMINAL";"IDX2015";"A";"2018";131.349216258252;
"ITA";"HOUSECOST";"NOMINAL";"IDX2015";"A";"2000";70.0132294702984;
"ITA";"HOUSECOST";"NOMINAL";"IDX2015";"A";"2001";75.7549080309577;
"ITA";"HOUSECOST";"NOMINAL";"IDX2015";"A";"2002";83.0117639963814;
"ITA";"HOUSECOST";"NOMINAL";"IDX2015";"A";"2003";91.5445974469793;
"ITA";"HOUSECOST";"NOMINAL";"IDX2015";"A";"2004";100.636689114483;
"ITA";"HOUSECOST";"NOMINAL";"IDX2015";"A";"2005";108.225783495828;
"ITA";"HOUSECOST";"NOMINAL";"IDX2015";"A";"2006";115.191197105237;
"ITA";"HOUSECOST";"NOMINAL";"IDX2015";"A";"2007";121.130252286662;
"ITA";"HOUSECOST";"NOMINAL";"IDX2015";"A";"2008";123.17709920595;
"ITA";"HOUSECOST";"NOMINAL";"IDX2015";"A";"2009";118.646535330184;
"ITA";"HOUSECOST";"NOMINAL";"IDX2015";"A";"2010";118.1;
"ITA";"HOUSECOST";"NOMINAL";"IDX2015";"A";"2011";119.7;
"ITA";"HOUSECOST";"NOMINAL";"IDX2015";"A";"2012";116.65;
"ITA";"HOUSECOST";"NOMINAL";"IDX2015";"A";"2013";109.1;
"ITA";"HOUSECOST";"NOMINAL";"IDX2015";"A";"2014";103.95;
"ITA";"HOUSECOST";"NOMINAL";"IDX2015";"A";"2015";100;
"ITA";"HOUSECOST";"NOMINAL";"IDX2015";"A";"2016";100.25;
"ITA";"HOUSECOST";"NOMINAL";"IDX2015";"A";"2017";99.1749999999998;
"ITA";"HOUSECOST";"NOMINAL";"IDX2015";"A";"2018";98.6000000011225;
"JPN";"HOUSECOST";"NOMINAL";"IDX2015";"A";"2000";136.115295666442;
"JPN";"HOUSECOST";"NOMINAL";"IDX2015";"A";"2001";130.117398713291;
"JPN";"HOUSECOST";"NOMINAL";"IDX2015";"A";"2002";123.175101285608;
"JPN";"HOUSECOST";"NOMINAL";"IDX2015";"A";"2003";115.554314123065;
"JPN";"HOUSECOST";"NOMINAL";"IDX2015";"A";"2004";108.507083309324;
"JPN";"HOUSECOST";"NOMINAL";"IDX2015";"A";"2005";103.221063986596;
"JPN";"HOUSECOST";"NOMINAL";"IDX2015";"A";"2006";100.145800320159;
"JPN";"HOUSECOST";"NOMINAL";"IDX2015";"A";"2007";99.1465483029144;
"JPN";"HOUSECOST";"NOMINAL";"IDX2015";"A";"2008";99.8075995620009;
"JPN";"HOUSECOST";"NOMINAL";"IDX2015";"A";"2009";94.0158031148504;
"JPN";"HOUSECOST";"NOMINAL";"IDX2015";"A";"2010";95.3711505773843;
"JPN";"HOUSECOST";"NOMINAL";"IDX2015";"A";"2011";95.4442836948861;
"JPN";"HOUSECOST";"NOMINAL";"IDX2015";"A";"2012";94.5976883598649;
"JPN";"HOUSECOST";"NOMINAL";"IDX2015";"A";"2013";96.1485874199037;
"JPN";"HOUSECOST";"NOMINAL";"IDX2015";"A";"2014";97.6446366399411;
"JPN";"HOUSECOST";"NOMINAL";"IDX2015";"A";"2015";100;
"JPN";"HOUSECOST";"NOMINAL";"IDX2015";"A";"2016";102.219431152556;
"JPN";"HOUSECOST";"NOMINAL";"IDX2015";"A";"2017";104.828375652621;
"JPN";"HOUSECOST";"NOMINAL";"IDX2015";"A";"2018";106.906310131615;
"KOR";"HOUSECOST";"NOMINAL";"IDX2015";"A";"2000";52.3309217792452;
"KOR";"HOUSECOST";"NOMINAL";"IDX2015";"A";"2001";54.3956667234538;
"KOR";"HOUSECOST";"NOMINAL";"IDX2015";"A";"2002";63.4447019754802;
"KOR";"HOUSECOST";"NOMINAL";"IDX2015";"A";"2003";69.1775783854199;
"KOR";"HOUSECOST";"NOMINAL";"IDX2015";"A";"2004";69.6491998314821;
"KOR";"HOUSECOST";"NOMINAL";"IDX2015";"A";"2005";70.3787249422484;
"KOR";"HOUSECOST";"NOMINAL";"IDX2015";"A";"2006";75.0777787493077;
"KOR";"HOUSECOST";"NOMINAL";"IDX2015";"A";"2007";82.5789869265269;
"KOR";"HOUSECOST";"NOMINAL";"IDX2015";"A";"2008";88.433299564007;
"KOR";"HOUSECOST";"NOMINAL";"IDX2015";"A";"2009";89.2182087121434;
"KOR";"HOUSECOST";"NOMINAL";"IDX2015";"A";"2010";91.1793951781588;
"KOR";"HOUSECOST";"NOMINAL";"IDX2015";"A";"2011";95.6413167905209;
"KOR";"HOUSECOST";"NOMINAL";"IDX2015";"A";"2012";96.8186375295949;
"KOR";"HOUSECOST";"NOMINAL";"IDX2015";"A";"2013";95.7694687275614;
"KOR";"HOUSECOST";"NOMINAL";"IDX2015";"A";"2014";97.2713559218836;
"KOR";"HOUSECOST";"NOMINAL";"IDX2015";"A";"2015";100;
"KOR";"HOUSECOST";"NOMINAL";"IDX2015";"A";"2016";101.621466235876;
"KOR";"HOUSECOST";"NOMINAL";"IDX2015";"A";"2017";102.85347689175;
"KOR";"HOUSECOST";"NOMINAL";"IDX2015";"A";"2018";104.275385042272;
"LUX";"HOUSECOST";"NOMINAL";"IDX2015";"A";"2007";74.4199999979755;
"LUX";"HOUSECOST";"NOMINAL";"IDX2015";"A";"2008";76.9075;
"LUX";"HOUSECOST";"NOMINAL";"IDX2015";"A";"2009";76.02;
"LUX";"HOUSECOST";"NOMINAL";"IDX2015";"A";"2010";80.1399999999999;
"LUX";"HOUSECOST";"NOMINAL";"IDX2015";"A";"2011";83.0874999999999;
"LUX";"HOUSECOST";"NOMINAL";"IDX2015";"A";"2012";86.5775;
"LUX";"HOUSECOST";"NOMINAL";"IDX2015";"A";"2013";90.8925;
"LUX";"HOUSECOST";"NOMINAL";"IDX2015";"A";"2014";94.8775;
"LUX";"HOUSECOST";"NOMINAL";"IDX2015";"A";"2015";100;
"LUX";"HOUSECOST";"NOMINAL";"IDX2015";"A";"2016";106.005;
"LUX";"HOUSECOST";"NOMINAL";"IDX2015";"A";"2017";111.9575;
"LUX";"HOUSECOST";"NOMINAL";"IDX2015";"A";"2018";119.885000000471;
"MEX";"HOUSECOST";"NOMINAL";"IDX2015";"A";"2005";60.2925267144064;
"MEX";"HOUSECOST";"NOMINAL";"IDX2015";"A";"2006";64.3126054719609;
"MEX";"HOUSECOST";"NOMINAL";"IDX2015";"A";"2007";69.2111298563486;
"MEX";"HOUSECOST";"NOMINAL";"IDX2015";"A";"2008";72.391708848451;
"MEX";"HOUSECOST";"NOMINAL";"IDX2015";"A";"2009";76.2971136704629;
"MEX";"HOUSECOST";"NOMINAL";"IDX2015";"A";"2010";79.2634904050921;
"MEX";"HOUSECOST";"NOMINAL";"IDX2015";"A";"2011";82.5933618846758;
"MEX";"HOUSECOST";"NOMINAL";"IDX2015";"A";"2012";86.5485308641814;
"MEX";"HOUSECOST";"NOMINAL";"IDX2015";"A";"2013";89.8654203887669;
"MEX";"HOUSECOST";"NOMINAL";"IDX2015";"A";"2014";93.8227530257722;
"MEX";"HOUSECOST";"NOMINAL";"IDX2015";"A";"2015";100;
"MEX";"HOUSECOST";"NOMINAL";"IDX2015";"A";"2016";107.549006861557;
"MEX";"HOUSECOST";"NOMINAL";"IDX2015";"A";"2017";114.111385160736;
"MEX";"HOUSECOST";"NOMINAL";"IDX2015";"A";"2018";124.496949235254;
"NLD";"HOUSECOST";"NOMINAL";"IDX2015";"A";"2000";80.0434221493272;
"NLD";"HOUSECOST";"NOMINAL";"IDX2015";"A";"2001";88.9204451489596;
"NLD";"HOUSECOST";"NOMINAL";"IDX2015";"A";"2002";94.6351801939703;
"NLD";"HOUSECOST";"NOMINAL";"IDX2015";"A";"2003";98.0133320523419;
"NLD";"HOUSECOST";"NOMINAL";"IDX2015";"A";"2004";102.264144989527;
"NLD";"HOUSECOST";"NOMINAL";"IDX2015";"A";"2005";106.195;
"NLD";"HOUSECOST";"NOMINAL";"IDX2015";"A";"2006";110.7325;
"NLD";"HOUSECOST";"NOMINAL";"IDX2015";"A";"2007";116.095;
"NLD";"HOUSECOST";"NOMINAL";"IDX2015";"A";"2008";118.64;
"NLD";"HOUSECOST";"NOMINAL";"IDX2015";"A";"2009";113.35;
"NLD";"HOUSECOST";"NOMINAL";"IDX2015";"A";"2010";111.4;
"NLD";"HOUSECOST";"NOMINAL";"IDX2015";"A";"2011";109.19;
"NLD";"HOUSECOST";"NOMINAL";"IDX2015";"A";"2012";101.86;
"NLD";"HOUSECOST";"NOMINAL";"IDX2015";"A";"2013";95.7474999999998;
"NLD";"HOUSECOST";"NOMINAL";"IDX2015";"A";"2014";96.5324999999999;
"NLD";"HOUSECOST";"NOMINAL";"IDX2015";"A";"2015";100;
"NLD";"HOUSECOST";"NOMINAL";"IDX2015";"A";"2016";105.0175;
"NLD";"HOUSECOST";"NOMINAL";"IDX2015";"A";"2017";112.9325;
"NLD";"HOUSECOST";"NOMINAL";"IDX2015";"A";"2018";123.657500000188;
"NZL";"HOUSECOST";"NOMINAL";"IDX2015";"A";"2000";34.4067881906991;
"NZL";"HOUSECOST";"NOMINAL";"IDX2015";"A";"2001";35.0362574206204;
"NZL";"HOUSECOST";"NOMINAL";"IDX2015";"A";"2002";38.6053479676743;
"NZL";"HOUSECOST";"NOMINAL";"IDX2015";"A";"2003";46.1665323717292;
"NZL";"HOUSECOST";"NOMINAL";"IDX2015";"A";"2004";54.4516064006935;
"NZL";"HOUSECOST";"NOMINAL";"IDX2015";"A";"2005";61.8189142822726;
"NZL";"HOUSECOST";"NOMINAL";"IDX2015";"A";"2006";68.3150367514606;
"NZL";"HOUSECOST";"NOMINAL";"IDX2015";"A";"2007";75.7578809455302;
"NZL";"HOUSECOST";"NOMINAL";"IDX2015";"A";"2008";72.4216940184472;
"NZL";"HOUSECOST";"NOMINAL";"IDX2015";"A";"2009";71.2584348785927;
"NZL";"HOUSECOST";"NOMINAL";"IDX2015";"A";"2010";72.6483029434189;
"NZL";"HOUSECOST";"NOMINAL";"IDX2015";"A";"2011";73.5547386358056;
"NZL";"HOUSECOST";"NOMINAL";"IDX2015";"A";"2012";77.023114100372;
"NZL";"HOUSECOST";"NOMINAL";"IDX2015";"A";"2013";84.0001510619999;
"NZL";"HOUSECOST";"NOMINAL";"IDX2015";"A";"2014";89.4576492988177;
"NZL";"HOUSECOST";"NOMINAL";"IDX2015";"A";"2015";100;
"NZL";"HOUSECOST";"NOMINAL";"IDX2015";"A";"2016";113.556249360805;
"NZL";"HOUSECOST";"NOMINAL";"IDX2015";"A";"2017";121.195487959851;
"NZL";"HOUSECOST";"NOMINAL";"IDX2015";"A";"2018";125.489727034979;
"NOR";"HOUSECOST";"NOMINAL";"IDX2015";"A";"2000";40.2499999999999;
"NOR";"HOUSECOST";"NOMINAL";"IDX2015";"A";"2001";43.0249999999999;
"NOR";"HOUSECOST";"NOMINAL";"IDX2015";"A";"2002";45.1749999999999;
"NOR";"HOUSECOST";"NOMINAL";"IDX2015";"A";"2003";45.9249999999999;
"NOR";"HOUSECOST";"NOMINAL";"IDX2015";"A";"2004";50.5999999999999;
"NOR";"HOUSECOST";"NOMINAL";"IDX2015";"A";"2005";54.7749999999999;
"NOR";"HOUSECOST";"NOMINAL";"IDX2015";"A";"2006";62.2749999999999;
"NOR";"HOUSECOST";"NOMINAL";"IDX2015";"A";"2007";70.0999999999999;
"NOR";"HOUSECOST";"NOMINAL";"IDX2015";"A";"2008";69.3499999999999;
"NOR";"HOUSECOST";"NOMINAL";"IDX2015";"A";"2009";70.6749999999999;
"NOR";"HOUSECOST";"NOMINAL";"IDX2015";"A";"2010";76.4749999999998;
"NOR";"HOUSECOST";"NOMINAL";"IDX2015";"A";"2011";82.5999999999998;
"NOR";"HOUSECOST";"NOMINAL";"IDX2015";"A";"2012";88.1999999999998;
"NOR";"HOUSECOST";"NOMINAL";"IDX2015";"A";"2013";91.7499999999998;
"NOR";"HOUSECOST";"NOMINAL";"IDX2015";"A";"2014";94.2499999999998;
"NOR";"HOUSECOST";"NOMINAL";"IDX2015";"A";"2015";100;
"NOR";"HOUSECOST";"NOMINAL";"IDX2015";"A";"2016";107.025;
"NOR";"HOUSECOST";"NOMINAL";"IDX2015";"A";"2017";112.35;
"NOR";"HOUSECOST";"NOMINAL";"IDX2015";"A";"2018";113.975000001686;
"POL";"HOUSECOST";"NOMINAL";"IDX2015";"A";"2010";105.609999999058;
"POL";"HOUSECOST";"NOMINAL";"IDX2015";"A";"2011";105.695;
"POL";"HOUSECOST";"NOMINAL";"IDX2015";"A";"2012";102.005;
"POL";"HOUSECOST";"NOMINAL";"IDX2015";"A";"2013";97.535;
"POL";"HOUSECOST";"NOMINAL";"IDX2015";"A";"2014";98.5;
"POL";"HOUSECOST";"NOMINAL";"IDX2015";"A";"2015";100;
"POL";"HOUSECOST";"NOMINAL";"IDX2015";"A";"2016";101.8575;
"POL";"HOUSECOST";"NOMINAL";"IDX2015";"A";"2017";105.7825;
"POL";"HOUSECOST";"NOMINAL";"IDX2015";"A";"2018";112.742499999273;
"PRT";"HOUSECOST";"NOMINAL";"IDX2015";"A";"2000";100.240697412219;
"PRT";"HOUSECOST";"NOMINAL";"IDX2015";"A";"2001";105.672836626221;
"PRT";"HOUSECOST";"NOMINAL";"IDX2015";"A";"2002";106.330933909588;
"PRT";"HOUSECOST";"NOMINAL";"IDX2015";"A";"2003";107.47976752926;
"PRT";"HOUSECOST";"NOMINAL";"IDX2015";"A";"2004";108.166231074841;
"PRT";"HOUSECOST";"NOMINAL";"IDX2015";"A";"2005";110.622749382583;
"PRT";"HOUSECOST";"NOMINAL";"IDX2015";"A";"2006";112.954456136582;
"PRT";"HOUSECOST";"NOMINAL";"IDX2015";"A";"2007";113.467885482658;
"PRT";"HOUSECOST";"NOMINAL";"IDX2015";"A";"2008";106.308240899817;
"PRT";"HOUSECOST";"NOMINAL";"IDX2015";"A";"2009";106.537499999999;
"PRT";"HOUSECOST";"NOMINAL";"IDX2015";"A";"2010";107.3575;
"PRT";"HOUSECOST";"NOMINAL";"IDX2015";"A";"2011";102.0925;
"PRT";"HOUSECOST";"NOMINAL";"IDX2015";"A";"2012";94.8724999999997;
"PRT";"HOUSECOST";"NOMINAL";"IDX2015";"A";"2013";93.0849999999997;
"PRT";"HOUSECOST";"NOMINAL";"IDX2015";"A";"2014";97.0374999999997;
"PRT";"HOUSECOST";"NOMINAL";"IDX2015";"A";"2015";100;
"PRT";"HOUSECOST";"NOMINAL";"IDX2015";"A";"2016";107.115;
"PRT";"HOUSECOST";"NOMINAL";"IDX2015";"A";"2017";117.015;
"PRT";"HOUSECOST";"NOMINAL";"IDX2015";"A";"2018";129.032500000928;
"SVK";"HOUSECOST";"NOMINAL";"IDX2015";"A";"2005";65.0965121633573;
"SVK";"HOUSECOST";"NOMINAL";"IDX2015";"A";"2006";75.9868996724918;
"SVK";"HOUSECOST";"NOMINAL";"IDX2015";"A";"2007";98.0049501237531;
"SVK";"HOUSECOST";"NOMINAL";"IDX2015";"A";"2008";115.552888822221;
"SVK";"HOUSECOST";"NOMINAL";"IDX2015";"A";"2009";100.817520438011;
"SVK";"HOUSECOST";"NOMINAL";"IDX2015";"A";"2010";96.7849196229906;
"SVK";"HOUSECOST";"NOMINAL";"IDX2015";"A";"2011";95.3298832470812;
"SVK";"HOUSECOST";"NOMINAL";"IDX2015";"A";"2012";92.7548188704718;
"SVK";"HOUSECOST";"NOMINAL";"IDX2015";"A";"2013";93.5873396834921;
"SVK";"HOUSECOST";"NOMINAL";"IDX2015";"A";"2014";94.9073726843171;
"SVK";"HOUSECOST";"NOMINAL";"IDX2015";"A";"2015";100;
"SVK";"HOUSECOST";"NOMINAL";"IDX2015";"A";"2016";106.702667566689;
"SVK";"HOUSECOST";"NOMINAL";"IDX2015";"A";"2017";112.990324758119;
"SVK";"HOUSECOST";"NOMINAL";"IDX2015";"A";"2018";121.320533013174;
"ESP";"HOUSECOST";"NOMINAL";"IDX2015";"A";"2000";57.2387344852681;
"ESP";"HOUSECOST";"NOMINAL";"IDX2015";"A";"2001";62.6768863838807;
"ESP";"HOUSECOST";"NOMINAL";"IDX2015";"A";"2002";73.3083859155734;
"ESP";"HOUSECOST";"NOMINAL";"IDX2015";"A";"2003";87.9511781982042;
"ESP";"HOUSECOST";"NOMINAL";"IDX2015";"A";"2004";104.076784889203;
"ESP";"HOUSECOST";"NOMINAL";"IDX2015";"A";"2005";119.272135371178;
"ESP";"HOUSECOST";"NOMINAL";"IDX2015";"A";"2006";135.500887522188;
"ESP";"HOUSECOST";"NOMINAL";"IDX2015";"A";"2007";148.791219780494;
"ESP";"HOUSECOST";"NOMINAL";"IDX2015";"A";"2008";146.666166654166;
"ESP";"HOUSECOST";"NOMINAL";"IDX2015";"A";"2009";136.97592439811;
"ESP";"HOUSECOST";"NOMINAL";"IDX2015";"A";"2010";134.555863896597;
"ESP";"HOUSECOST";"NOMINAL";"IDX2015";"A";"2011";124.270606765169;
"ESP";"HOUSECOST";"NOMINAL";"IDX2015";"A";"2012";105.90514762869;
"ESP";"HOUSECOST";"NOMINAL";"IDX2015";"A";"2013";96.2399059976498;
"ESP";"HOUSECOST";"NOMINAL";"IDX2015";"A";"2014";96.5399134978373;
"ESP";"HOUSECOST";"NOMINAL";"IDX2015";"A";"2015";100;
"ESP";"HOUSECOST";"NOMINAL";"IDX2015";"A";"2016";104.622615565389;
"ESP";"HOUSECOST";"NOMINAL";"IDX2015";"A";"2017";111.105277631941;
"ESP";"HOUSECOST";"NOMINAL";"IDX2015";"A";"2018";118.580464512194;
"SWE";"HOUSECOST";"NOMINAL";"IDX2015";"A";"2000";35.6083997252747;
"SWE";"HOUSECOST";"NOMINAL";"IDX2015";"A";"2001";38.4204807692308;
"SWE";"HOUSECOST";"NOMINAL";"IDX2015";"A";"2002";40.8598763736263;
"SWE";"HOUSECOST";"NOMINAL";"IDX2015";"A";"2003";43.5703159340659;
"SWE";"HOUSECOST";"NOMINAL";"IDX2015";"A";"2004";47.6359752747252;
"SWE";"HOUSECOST";"NOMINAL";"IDX2015";"A";"2005";51.93;
"SWE";"HOUSECOST";"NOMINAL";"IDX2015";"A";"2006";58.3925;
"SWE";"HOUSECOST";"NOMINAL";"IDX2015";"A";"2007";65.7075;
"SWE";"HOUSECOST";"NOMINAL";"IDX2015";"A";"2008";66.4175;
"SWE";"HOUSECOST";"NOMINAL";"IDX2015";"A";"2009";68.3975;
"SWE";"HOUSECOST";"NOMINAL";"IDX2015";"A";"2010";73.8725;
"SWE";"HOUSECOST";"NOMINAL";"IDX2015";"A";"2011";75.7175;
"SWE";"HOUSECOST";"NOMINAL";"IDX2015";"A";"2012";76.6125;
"SWE";"HOUSECOST";"NOMINAL";"IDX2015";"A";"2013";80.8075;
"SWE";"HOUSECOST";"NOMINAL";"IDX2015";"A";"2014";88.4025;
"SWE";"HOUSECOST";"NOMINAL";"IDX2015";"A";"2015";100;
"SWE";"HOUSECOST";"NOMINAL";"IDX2015";"A";"2016";108.63;
"SWE";"HOUSECOST";"NOMINAL";"IDX2015";"A";"2017";115.575;
"SWE";"HOUSECOST";"NOMINAL";"IDX2015";"A";"2018";114.497499999228;
"CHE";"HOUSECOST";"NOMINAL";"IDX2015";"A";"2000";62.4290030428178;
"CHE";"HOUSECOST";"NOMINAL";"IDX2015";"A";"2001";62.9905394077757;
"CHE";"HOUSECOST";"NOMINAL";"IDX2015";"A";"2002";62.8971071077827;
"CHE";"HOUSECOST";"NOMINAL";"IDX2015";"A";"2003";63.7913286902157;
"CHE";"HOUSECOST";"NOMINAL";"IDX2015";"A";"2004";66.1301832800402;
"CHE";"HOUSECOST";"NOMINAL";"IDX2015";"A";"2005";68.5737304548569;
"CHE";"HOUSECOST";"NOMINAL";"IDX2015";"A";"2006";72.8173241520387;
"CHE";"HOUSECOST";"NOMINAL";"IDX2015";"A";"2007";77.0960568142177;
"CHE";"HOUSECOST";"NOMINAL";"IDX2015";"A";"2008";80.0040007964997;
"CHE";"HOUSECOST";"NOMINAL";"IDX2015";"A";"2009";80.3824240914713;
"CHE";"HOUSECOST";"NOMINAL";"IDX2015";"A";"2010";82.6010231763049;
"CHE";"HOUSECOST";"NOMINAL";"IDX2015";"A";"2011";87.8632812309102;
"CHE";"HOUSECOST";"NOMINAL";"IDX2015";"A";"2012";92.1122414730916;
"CHE";"HOUSECOST";"NOMINAL";"IDX2015";"A";"2013";94.8639058528852;
"CHE";"HOUSECOST";"NOMINAL";"IDX2015";"A";"2014";97.453342510191;
"CHE";"HOUSECOST";"NOMINAL";"IDX2015";"A";"2015";100;
"CHE";"HOUSECOST";"NOMINAL";"IDX2015";"A";"2016";101.616446917378;
"CHE";"HOUSECOST";"NOMINAL";"IDX2015";"A";"2017";103.578291467232;
"CHE";"HOUSECOST";"NOMINAL";"IDX2015";"A";"2018";106.709204041289;
"TUR";"HOUSECOST";"NOMINAL";"IDX2015";"A";"2010";58.4539195230313;
"TUR";"HOUSECOST";"NOMINAL";"IDX2015";"A";"2011";62.5296459146838;
"TUR";"HOUSECOST";"NOMINAL";"IDX2015";"A";"2012";68.3177833639603;
"TUR";"HOUSECOST";"NOMINAL";"IDX2015";"A";"2013";75.9311692130086;
"TUR";"HOUSECOST";"NOMINAL";"IDX2015";"A";"2014";86.1575752392304;
"TUR";"HOUSECOST";"NOMINAL";"IDX2015";"A";"2015";100;
"TUR";"HOUSECOST";"NOMINAL";"IDX2015";"A";"2016";113.595854260801;
"TUR";"HOUSECOST";"NOMINAL";"IDX2015";"A";"2017";125.374818484328;
"TUR";"HOUSECOST";"NOMINAL";"IDX2015";"A";"2018";134.87405055898;
"GBR";"HOUSECOST";"NOMINAL";"IDX2015";"A";"2000";45.4194346607335;
"GBR";"HOUSECOST";"NOMINAL";"IDX2015";"A";"2001";49.1178841602939;
"GBR";"HOUSECOST";"NOMINAL";"IDX2015";"A";"2002";57.052708202174;
"GBR";"HOUSECOST";"NOMINAL";"IDX2015";"A";"2003";65.9888290157079;
"GBR";"HOUSECOST";"NOMINAL";"IDX2015";"A";"2004";73.8223581634058;
"GBR";"HOUSECOST";"NOMINAL";"IDX2015";"A";"2005";78.9276714936877;
"GBR";"HOUSECOST";"NOMINAL";"IDX2015";"A";"2006";85.1249297326031;
"GBR";"HOUSECOST";"NOMINAL";"IDX2015";"A";"2007";93.5536784811281;
"GBR";"HOUSECOST";"NOMINAL";"IDX2015";"A";"2008";89.3752250743593;
"GBR";"HOUSECOST";"NOMINAL";"IDX2015";"A";"2009";81.4130440857527;
"GBR";"HOUSECOST";"NOMINAL";"IDX2015";"A";"2010";86.0778983799364;
"GBR";"HOUSECOST";"NOMINAL";"IDX2015";"A";"2011";84.8326066851543;
"GBR";"HOUSECOST";"NOMINAL";"IDX2015";"A";"2012";85.165940772596;
"GBR";"HOUSECOST";"NOMINAL";"IDX2015";"A";"2013";87.3503984447137;
"GBR";"HOUSECOST";"NOMINAL";"IDX2015";"A";"2014";94.3386430334907;
"GBR";"HOUSECOST";"NOMINAL";"IDX2015";"A";"2015";100;
"GBR";"HOUSECOST";"NOMINAL";"IDX2015";"A";"2016";106.975069281279;
"GBR";"HOUSECOST";"NOMINAL";"IDX2015";"A";"2017";111.833779355429;
"GBR";"HOUSECOST";"NOMINAL";"IDX2015";"A";"2018";115.442465379798;
"USA";"HOUSECOST";"NOMINAL";"IDX2015";"A";"2000";64.7088654339709;
"USA";"HOUSECOST";"NOMINAL";"IDX2015";"A";"2001";69.189986639419;
"USA";"HOUSECOST";"NOMINAL";"IDX2015";"A";"2002";74.0687381949069;
"USA";"HOUSECOST";"NOMINAL";"IDX2015";"A";"2003";79.7508183179751;
"USA";"HOUSECOST";"NOMINAL";"IDX2015";"A";"2004";87.2838965562284;
"USA";"HOUSECOST";"NOMINAL";"IDX2015";"A";"2005";96.4155640671416;
"USA";"HOUSECOST";"NOMINAL";"IDX2015";"A";"2006";102.088423785209;
"USA";"HOUSECOST";"NOMINAL";"IDX2015";"A";"2007";102.094186535209;
"USA";"HOUSECOST";"NOMINAL";"IDX2015";"A";"2008";93.8027292543803;
"USA";"HOUSECOST";"NOMINAL";"IDX2015";"A";"2009";88.2382094063238;
"USA";"HOUSECOST";"NOMINAL";"IDX2015";"A";"2010";85.6150016235615;
"USA";"HOUSECOST";"NOMINAL";"IDX2015";"A";"2011";82.009819750701;
"USA";"HOUSECOST";"NOMINAL";"IDX2015";"A";"2012";84.3909916634391;
"USA";"HOUSECOST";"NOMINAL";"IDX2015";"A";"2013";90.3784980040379;
"USA";"HOUSECOST";"NOMINAL";"IDX2015";"A";"2014";94.9575861094958;
"USA";"HOUSECOST";"NOMINAL";"IDX2015";"A";"2015";100;
"USA";"HOUSECOST";"NOMINAL";"IDX2015";"A";"2016";105.948319585595;
"USA";"HOUSECOST";"NOMINAL";"IDX2015";"A";"2017";112.935088286294;
"USA";"HOUSECOST";"NOMINAL";"IDX2015";"A";"2018";120.378267487038;
"BRA";"HOUSECOST";"NOMINAL";"IDX2015";"A";"2008";34.5267516907922;
"BRA";"HOUSECOST";"NOMINAL";"IDX2015";"A";"2009";40.9378292769778;
"BRA";"HOUSECOST";"NOMINAL";"IDX2015";"A";"2010";50.9223250104185;
"BRA";"HOUSECOST";"NOMINAL";"IDX2015";"A";"2011";65.6068589793933;
"BRA";"HOUSECOST";"NOMINAL";"IDX2015";"A";"2012";77.4991166591292;
"BRA";"HOUSECOST";"NOMINAL";"IDX2015";"A";"2013";87.1470240028562;
"BRA";"HOUSECOST";"NOMINAL";"IDX2015";"A";"2014";96.2342545194317;
"BRA";"HOUSECOST";"NOMINAL";"IDX2015";"A";"2015";100;
"BRA";"HOUSECOST";"NOMINAL";"IDX2015";"A";"2016";100.31390071131;
"BRA";"HOUSECOST";"NOMINAL";"IDX2015";"A";"2017";100.49508700166;
"BRA";"HOUSECOST";"NOMINAL";"IDX2015";"A";"2018";100.029782960442;
"CHL";"HOUSECOST";"NOMINAL";"IDX2015";"A";"2002";51.7401950441009;
"CHL";"HOUSECOST";"NOMINAL";"IDX2015";"A";"2003";52.9904507010257;
"CHL";"HOUSECOST";"NOMINAL";"IDX2015";"A";"2004";55.679773155824;
"CHL";"HOUSECOST";"NOMINAL";"IDX2015";"A";"2005";57.7274483431704;
"CHL";"HOUSECOST";"NOMINAL";"IDX2015";"A";"2006";59.0080392980744;
"CHL";"HOUSECOST";"NOMINAL";"IDX2015";"A";"2007";61.9571662478532;
"CHL";"HOUSECOST";"NOMINAL";"IDX2015";"A";"2008";62.5153659203113;
"CHL";"HOUSECOST";"NOMINAL";"IDX2015";"A";"2009";63.9073590727069;
"CHL";"HOUSECOST";"NOMINAL";"IDX2015";"A";"2010";68.1117163498916;
"CHL";"HOUSECOST";"NOMINAL";"IDX2015";"A";"2011";73.7920555794656;
"CHL";"HOUSECOST";"NOMINAL";"IDX2015";"A";"2012";78.5292689991103;
"CHL";"HOUSECOST";"NOMINAL";"IDX2015";"A";"2013";84.465672413665;
"CHL";"HOUSECOST";"NOMINAL";"IDX2015";"A";"2014";90.8317008981876;
"CHL";"HOUSECOST";"NOMINAL";"IDX2015";"A";"2015";100;
"CHL";"HOUSECOST";"NOMINAL";"IDX2015";"A";"2016";102.303031367327;
"CHL";"HOUSECOST";"NOMINAL";"IDX2015";"A";"2017";108.692373366848;
"CHL";"HOUSECOST";"NOMINAL";"IDX2015";"A";"2018";114.367974217202;
"CHN";"HOUSECOST";"NOMINAL";"IDX2015";"A";"2010";85.1252263398486;
"CHN";"HOUSECOST";"NOMINAL";"IDX2015";"A";"2011";90.7675168652669;
"CHN";"HOUSECOST";"NOMINAL";"IDX2015";"A";"2012";90.0063881834186;
"CHN";"HOUSECOST";"NOMINAL";"IDX2015";"A";"2013";96.4911734002278;
"CHN";"HOUSECOST";"NOMINAL";"IDX2015";"A";"2014";101.131954939935;
"CHN";"HOUSECOST";"NOMINAL";"IDX2015";"A";"2015";100;
"CHN";"HOUSECOST";"NOMINAL";"IDX2015";"A";"2016";112.22947601315;
"CHN";"HOUSECOST";"NOMINAL";"IDX2015";"A";"2017";126.989295897539;
"CHN";"HOUSECOST";"NOMINAL";"IDX2015";"A";"2018";134.26792975806;
"COL";"HOUSECOST";"NOMINAL";"IDX2015";"A";"2000";27.724167354431;
"COL";"HOUSECOST";"NOMINAL";"IDX2015";"A";"2001";29.0395894647599;
"COL";"HOUSECOST";"NOMINAL";"IDX2015";"A";"2002";29.1916763547979;
"COL";"HOUSECOST";"NOMINAL";"IDX2015";"A";"2003";29.9722076724931;
"COL";"HOUSECOST";"NOMINAL";"IDX2015";"A";"2004";32.7911184406978;
"COL";"HOUSECOST";"NOMINAL";"IDX2015";"A";"2005";35.6356308764089;
"COL";"HOUSECOST";"NOMINAL";"IDX2015";"A";"2006";40.2452863500613;
"COL";"HOUSECOST";"NOMINAL";"IDX2015";"A";"2007";47.1980083192995;
"COL";"HOUSECOST";"NOMINAL";"IDX2015";"A";"2008";55.0144973637536;
"COL";"HOUSECOST";"NOMINAL";"IDX2015";"A";"2009";60.3574631400894;
"COL";"HOUSECOST";"NOMINAL";"IDX2015";"A";"2010";64.9023781787256;
"COL";"HOUSECOST";"NOMINAL";"IDX2015";"A";"2011";70.1625004100407;
"COL";"HOUSECOST";"NOMINAL";"IDX2015";"A";"2012";77.4475537793619;
"COL";"HOUSECOST";"NOMINAL";"IDX2015";"A";"2013";85.0270421237568;
"COL";"HOUSECOST";"NOMINAL";"IDX2015";"A";"2014";91.6555214304139;
"COL";"HOUSECOST";"NOMINAL";"IDX2015";"A";"2015";100;
"COL";"HOUSECOST";"NOMINAL";"IDX2015";"A";"2016";111.872769852968;
"COL";"HOUSECOST";"NOMINAL";"IDX2015";"A";"2017";119.83811127996;
"COL";"HOUSECOST";"NOMINAL";"IDX2015";"A";"2018";127.271068455421;
"EST";"HOUSECOST";"NOMINAL";"IDX2015";"A";"2005";59.0130675129197;
"EST";"HOUSECOST";"NOMINAL";"IDX2015";"A";"2006";88.2216684366166;
"EST";"HOUSECOST";"NOMINAL";"IDX2015";"A";"2007";106.53535258299;
"EST";"HOUSECOST";"NOMINAL";"IDX2015";"A";"2008";96.2922138072221;
"EST";"HOUSECOST";"NOMINAL";"IDX2015";"A";"2009";60.4667880795351;
"EST";"HOUSECOST";"NOMINAL";"IDX2015";"A";"2010";63.9014026047927;
"EST";"HOUSECOST";"NOMINAL";"IDX2015";"A";"2011";69.3233010701993;
"EST";"HOUSECOST";"NOMINAL";"IDX2015";"A";"2012";74.3713856730779;
"EST";"HOUSECOST";"NOMINAL";"IDX2015";"A";"2013";82.2933640136721;
"EST";"HOUSECOST";"NOMINAL";"IDX2015";"A";"2014";93.5796670895186;
"EST";"HOUSECOST";"NOMINAL";"IDX2015";"A";"2015";100;
"EST";"HOUSECOST";"NOMINAL";"IDX2015";"A";"2016";104.744560532856;
"EST";"HOUSECOST";"NOMINAL";"IDX2015";"A";"2017";110.511517933288;
"EST";"HOUSECOST";"NOMINAL";"IDX2015";"A";"2018";117.066040424878;
"IND";"HOUSECOST";"NOMINAL";"IDX2015";"A";"2010";45.0950952083315;
"IND";"HOUSECOST";"NOMINAL";"IDX2015";"A";"2011";53.9029170915523;
"IND";"HOUSECOST";"NOMINAL";"IDX2015";"A";"2012";66.966447587455;
"IND";"HOUSECOST";"NOMINAL";"IDX2015";"A";"2013";76.686267715997;
"IND";"HOUSECOST";"NOMINAL";"IDX2015";"A";"2014";88.0318228867952;
"IND";"HOUSECOST";"NOMINAL";"IDX2015";"A";"2015";100;
"IND";"HOUSECOST";"NOMINAL";"IDX2015";"A";"2016";106.685743083997;
"IND";"HOUSECOST";"NOMINAL";"IDX2015";"A";"2017";115.658113779173;
"IDN";"HOUSECOST";"NOMINAL";"IDX2015";"A";"2002";54.5539975482796;
"IDN";"HOUSECOST";"NOMINAL";"IDX2015";"A";"2003";57.7552101186632;
"IDN";"HOUSECOST";"NOMINAL";"IDX2015";"A";"2004";60.0227356890033;
"IDN";"HOUSECOST";"NOMINAL";"IDX2015";"A";"2005";62.5570289743835;
"IDN";"HOUSECOST";"NOMINAL";"IDX2015";"A";"2006";65.7582415423636;
"IDN";"HOUSECOST";"NOMINAL";"IDX2015";"A";"2007";67.2254639700837;
"IDN";"HOUSECOST";"NOMINAL";"IDX2015";"A";"2008";68.8260702578238;
"IDN";"HOUSECOST";"NOMINAL";"IDX2015";"A";"2009";70.1599088255239;
"IDN";"HOUSECOST";"NOMINAL";"IDX2015";"A";"2010";72.294050540844;
"IDN";"HOUSECOST";"NOMINAL";"IDX2015";"A";"2011";75.6286469663442;
"IDN";"HOUSECOST";"NOMINAL";"IDX2015";"A";"2012";79.0105006668515;
"IDN";"HOUSECOST";"NOMINAL";"IDX2015";"A";"2013";88.5181333557776;
"IDN";"HOUSECOST";"NOMINAL";"IDX2015";"A";"2014";94.7301714042094;
"IDN";"HOUSECOST";"NOMINAL";"IDX2015";"A";"2015";100;
"IDN";"HOUSECOST";"NOMINAL";"IDX2015";"A";"2016";103.159823490474;
"IDN";"HOUSECOST";"NOMINAL";"IDX2015";"A";"2017";106.415370415962;
"IDN";"HOUSECOST";"NOMINAL";"IDX2015";"A";"2018";109.901629067505;
"ISR";"HOUSECOST";"NOMINAL";"IDX2015";"A";"2000";52.6327724585526;
"ISR";"HOUSECOST";"NOMINAL";"IDX2015";"A";"2001";50.7982221386901;
"ISR";"HOUSECOST";"NOMINAL";"IDX2015";"A";"2002";53.4740804534894;
"ISR";"HOUSECOST";"NOMINAL";"IDX2015";"A";"2003";50.4444645962166;
"ISR";"HOUSECOST";"NOMINAL";"IDX2015";"A";"2004";50.0680302937449;
"ISR";"HOUSECOST";"NOMINAL";"IDX2015";"A";"2005";50.1768787637367;
"ISR";"HOUSECOST";"NOMINAL";"IDX2015";"A";"2006";50.4059140987195;
"ISR";"HOUSECOST";"NOMINAL";"IDX2015";"A";"2007";49.6235656887782;
"ISR";"HOUSECOST";"NOMINAL";"IDX2015";"A";"2008";53.3811057159964;
"ISR";"HOUSECOST";"NOMINAL";"IDX2015";"A";"2009";60.6898272004483;
"ISR";"HOUSECOST";"NOMINAL";"IDX2015";"A";"2010";71.3705836946472;
"ISR";"HOUSECOST";"NOMINAL";"IDX2015";"A";"2011";78.879288251584;
"ISR";"HOUSECOST";"NOMINAL";"IDX2015";"A";"2012";81.4322644963925;
"ISR";"HOUSECOST";"NOMINAL";"IDX2015";"A";"2013";88.8226223333383;
"ISR";"HOUSECOST";"NOMINAL";"IDX2015";"A";"2014";94.4668692379149;
"ISR";"HOUSECOST";"NOMINAL";"IDX2015";"A";"2015";100;
"ISR";"HOUSECOST";"NOMINAL";"IDX2015";"A";"2016";107.458388141941;
"ISR";"HOUSECOST";"NOMINAL";"IDX2015";"A";"2017";111.649054366627;
"ISR";"HOUSECOST";"NOMINAL";"IDX2015";"A";"2018";110.72610998955;
"LVA";"HOUSECOST";"NOMINAL";"IDX2015";"A";"2006";104.474999988249;
"LVA";"HOUSECOST";"NOMINAL";"IDX2015";"A";"2007";142.3675;
"LVA";"HOUSECOST";"NOMINAL";"IDX2015";"A";"2008";143.9425;
"LVA";"HOUSECOST";"NOMINAL";"IDX2015";"A";"2009";90.24;
"LVA";"HOUSECOST";"NOMINAL";"IDX2015";"A";"2010";80.35;
"LVA";"HOUSECOST";"NOMINAL";"IDX2015";"A";"2011";88.725;
"LVA";"HOUSECOST";"NOMINAL";"IDX2015";"A";"2012";91.3624999999999;
"LVA";"HOUSECOST";"NOMINAL";"IDX2015";"A";"2013";97.6224999999999;
"LVA";"HOUSECOST";"NOMINAL";"IDX2015";"A";"2014";103.475;
"LVA";"HOUSECOST";"NOMINAL";"IDX2015";"A";"2015";100;
"LVA";"HOUSECOST";"NOMINAL";"IDX2015";"A";"2016";108.4875;
"LVA";"HOUSECOST";"NOMINAL";"IDX2015";"A";"2017";118.0125;
"LVA";"HOUSECOST";"NOMINAL";"IDX2015";"A";"2018";129.53499999939;
"LTU";"HOUSECOST";"NOMINAL";"IDX2015";"A";"2006";94.247499992364;
"LTU";"HOUSECOST";"NOMINAL";"IDX2015";"A";"2007";119.055;
"LTU";"HOUSECOST";"NOMINAL";"IDX2015";"A";"2008";129.755;
"LTU";"HOUSECOST";"NOMINAL";"IDX2015";"A";"2009";90.9225;
"LTU";"HOUSECOST";"NOMINAL";"IDX2015";"A";"2010";84.2025;
"LTU";"HOUSECOST";"NOMINAL";"IDX2015";"A";"2011";89.7649999999999;
"LTU";"HOUSECOST";"NOMINAL";"IDX2015";"A";"2012";89.5575;
"LTU";"HOUSECOST";"NOMINAL";"IDX2015";"A";"2013";90.645;
"LTU";"HOUSECOST";"NOMINAL";"IDX2015";"A";"2014";96.4699999999999;
"LTU";"HOUSECOST";"NOMINAL";"IDX2015";"A";"2015";100;
"LTU";"HOUSECOST";"NOMINAL";"IDX2015";"A";"2016";105.4;
"LTU";"HOUSECOST";"NOMINAL";"IDX2015";"A";"2017";114.7975;
"LTU";"HOUSECOST";"NOMINAL";"IDX2015";"A";"2018";123.179999997828;
"RUS";"HOUSECOST";"NOMINAL";"IDX2015";"A";"2001";14.0475894236098;
"RUS";"HOUSECOST";"NOMINAL";"IDX2015";"A";"2002";18.6027631498254;
"RUS";"HOUSECOST";"NOMINAL";"IDX2015";"A";"2003";22.7773910178472;
"RUS";"HOUSECOST";"NOMINAL";"IDX2015";"A";"2004";29.1345484411419;
"RUS";"HOUSECOST";"NOMINAL";"IDX2015";"A";"2005";35.9471256469935;
"RUS";"HOUSECOST";"NOMINAL";"IDX2015";"A";"2006";53.2643543141582;
"RUS";"HOUSECOST";"NOMINAL";"IDX2015";"A";"2007";76.9514615571191;
"RUS";"HOUSECOST";"NOMINAL";"IDX2015";"A";"2008";95.7210136069653;
"RUS";"HOUSECOST";"NOMINAL";"IDX2015";"A";"2009";95.1578348818949;
"RUS";"HOUSECOST";"NOMINAL";"IDX2015";"A";"2010";103.077598887885;
"RUS";"HOUSECOST";"NOMINAL";"IDX2015";"A";"2011";81.6288285927038;
"RUS";"HOUSECOST";"NOMINAL";"IDX2015";"A";"2012";93.8940516967369;
"RUS";"HOUSECOST";"NOMINAL";"IDX2015";"A";"2013";97.4674328046836;
"RUS";"HOUSECOST";"NOMINAL";"IDX2015";"A";"2014";98.7848243898482;
"RUS";"HOUSECOST";"NOMINAL";"IDX2015";"A";"2015";100;
"RUS";"HOUSECOST";"NOMINAL";"IDX2015";"A";"2016";94.6920013543367;
"RUS";"HOUSECOST";"NOMINAL";"IDX2015";"A";"2017";91.2668977714085;
"RUS";"HOUSECOST";"NOMINAL";"IDX2015";"A";"2018";93.5159130063357;
"SVN";"HOUSECOST";"NOMINAL";"IDX2015";"A";"2007";120.845000008136;
"SVN";"HOUSECOST";"NOMINAL";"IDX2015";"A";"2008";129.3075;
"SVN";"HOUSECOST";"NOMINAL";"IDX2015";"A";"2009";117.055;
"SVN";"HOUSECOST";"NOMINAL";"IDX2015";"A";"2010";117.205;
"SVN";"HOUSECOST";"NOMINAL";"IDX2015";"A";"2011";120.385;
"SVN";"HOUSECOST";"NOMINAL";"IDX2015";"A";"2012";112.09;
"SVN";"HOUSECOST";"NOMINAL";"IDX2015";"A";"2013";106.21;
"SVN";"HOUSECOST";"NOMINAL";"IDX2015";"A";"2014";99.2024999999999;
"SVN";"HOUSECOST";"NOMINAL";"IDX2015";"A";"2015";100;
"SVN";"HOUSECOST";"NOMINAL";"IDX2015";"A";"2016";103.2525;
"SVN";"HOUSECOST";"NOMINAL";"IDX2015";"A";"2017";111.562500000691;
"SVN";"HOUSECOST";"NOMINAL";"IDX2015";"A";"2018";128.375000003098;
"ZAF";"HOUSECOST";"NOMINAL";"IDX2015";"A";"2000";21.2585841892788;
"ZAF";"HOUSECOST";"NOMINAL";"IDX2015";"A";"2001";23.9429074332043;
"ZAF";"HOUSECOST";"NOMINAL";"IDX2015";"A";"2002";27.1266215104655;
"ZAF";"HOUSECOST";"NOMINAL";"IDX2015";"A";"2003";32.3824283450713;
"ZAF";"HOUSECOST";"NOMINAL";"IDX2015";"A";"2004";43.3340986442499;
"ZAF";"HOUSECOST";"NOMINAL";"IDX2015";"A";"2005";55.7819615008164;
"ZAF";"HOUSECOST";"NOMINAL";"IDX2015";"A";"2006";65.0480235676214;
"ZAF";"HOUSECOST";"NOMINAL";"IDX2015";"A";"2007";74.4748019694144;
"ZAF";"HOUSECOST";"NOMINAL";"IDX2015";"A";"2008";73.7515784569686;
"ZAF";"HOUSECOST";"NOMINAL";"IDX2015";"A";"2009";72.5500325170587;
"ZAF";"HOUSECOST";"NOMINAL";"IDX2015";"A";"2010";75.7490529143188;
"ZAF";"HOUSECOST";"NOMINAL";"IDX2015";"A";"2011";78.0947461016429;
"ZAF";"HOUSECOST";"NOMINAL";"IDX2015";"A";"2012";82.080128566344;
"ZAF";"HOUSECOST";"NOMINAL";"IDX2015";"A";"2013";87.3531550059485;
"ZAF";"HOUSECOST";"NOMINAL";"IDX2015";"A";"2014";94.1242872954407;
"ZAF";"HOUSECOST";"NOMINAL";"IDX2015";"A";"2015";100;
"ZAF";"HOUSECOST";"NOMINAL";"IDX2015";"A";"2016";105.626985042078;
"ZAF";"HOUSECOST";"NOMINAL";"IDX2015";"A";"2017";110.205487291735;
"ZAF";"HOUSECOST";"NOMINAL";"IDX2015";"A";"2018";114.449163891416;
"EA";"HOUSECOST";"NOMINAL";"IDX2015";"A";"2000";67.4506123855424;
"EA";"HOUSECOST";"NOMINAL";"IDX2015";"A";"2001";70.8201601820705;
"EA";"HOUSECOST";"NOMINAL";"IDX2015";"A";"2002";75.4213235224982;
"EA";"HOUSECOST";"NOMINAL";"IDX2015";"A";"2003";79.8308539037647;
"EA";"HOUSECOST";"NOMINAL";"IDX2015";"A";"2004";85.0846229669092;
"EA";"HOUSECOST";"NOMINAL";"IDX2015";"A";"2005";91.2449884973046;
"EA";"HOUSECOST";"NOMINAL";"IDX2015";"A";"2006";97.2425867281665;
"EA";"HOUSECOST";"NOMINAL";"IDX2015";"A";"2007";101.688221449249;
"EA";"HOUSECOST";"NOMINAL";"IDX2015";"A";"2008";103.650950958125;
"EA";"HOUSECOST";"NOMINAL";"IDX2015";"A";"2009";99.8833904005961;
"EA";"HOUSECOST";"NOMINAL";"IDX2015";"A";"2010";100.707779683201;
"EA";"HOUSECOST";"NOMINAL";"IDX2015";"A";"2011";101.752423129521;
"EA";"HOUSECOST";"NOMINAL";"IDX2015";"A";"2012";100.095741196723;
"EA";"HOUSECOST";"NOMINAL";"IDX2015";"A";"2013";98.0393039268554;
"EA";"HOUSECOST";"NOMINAL";"IDX2015";"A";"2014";98.3584068656261;
"EA";"HOUSECOST";"NOMINAL";"IDX2015";"A";"2015";100;
"EA";"HOUSECOST";"NOMINAL";"IDX2015";"A";"2016";103.435863921698;
"EA";"HOUSECOST";"NOMINAL";"IDX2015";"A";"2017";107.302216898909;
"EA";"HOUSECOST";"NOMINAL";"IDX2015";"A";"2018";111.829531234482;
"EA17";"HOUSECOST";"NOMINAL";"IDX2015";"A";"2000";66.1759856292663;
"EA17";"HOUSECOST";"NOMINAL";"IDX2015";"A";"2001";69.9945566617606;
"EA17";"HOUSECOST";"NOMINAL";"IDX2015";"A";"2002";74.3930495217452;
"EA17";"HOUSECOST";"NOMINAL";"IDX2015";"A";"2003";80.0725103756239;
"EA17";"HOUSECOST";"NOMINAL";"IDX2015";"A";"2004";85.9427858607589;
"EA17";"HOUSECOST";"NOMINAL";"IDX2015";"A";"2005";92.8420259078642;
"EA17";"HOUSECOST";"NOMINAL";"IDX2015";"A";"2006";99.2881558516349;
"EA17";"HOUSECOST";"NOMINAL";"IDX2015";"A";"2007";103.801907723612;
"EA17";"HOUSECOST";"NOMINAL";"IDX2015";"A";"2008";104.826591400732;
"EA17";"HOUSECOST";"NOMINAL";"IDX2015";"A";"2009";100.740681899479;
"EA17";"HOUSECOST";"NOMINAL";"IDX2015";"A";"2010";101.647980134259;
"EA17";"HOUSECOST";"NOMINAL";"IDX2015";"A";"2011";102.80855087157;
"EA17";"HOUSECOST";"NOMINAL";"IDX2015";"A";"2012";100.511404567646;
"EA17";"HOUSECOST";"NOMINAL";"IDX2015";"A";"2013";98.3945025974143;
"EA17";"HOUSECOST";"NOMINAL";"IDX2015";"A";"2014";98.5600028448352;
"EA17";"HOUSECOST";"NOMINAL";"IDX2015";"A";"2015";100;
"EA17";"HOUSECOST";"NOMINAL";"IDX2015";"A";"2016";103.573985858058;
"EA17";"HOUSECOST";"NOMINAL";"IDX2015";"A";"2017";107.559202758944;
"EA17";"HOUSECOST";"NOMINAL";"IDX2015";"A";"2018";112.178445033742;
"OECD";"HOUSECOST";"NOMINAL";"IDX2015";"A";"2000";63.9325445068571;
"OECD";"HOUSECOST";"NOMINAL";"IDX2015";"A";"2001";67.0831004918931;
"OECD";"HOUSECOST";"NOMINAL";"IDX2015";"A";"2002";71.2315298591696;
"OECD";"HOUSECOST";"NOMINAL";"IDX2015";"A";"2003";75.7874189810882;
"OECD";"HOUSECOST";"NOMINAL";"IDX2015";"A";"2004";80.6554009130569;
"OECD";"HOUSECOST";"NOMINAL";"IDX2015";"A";"2005";86.1998740928463;
"OECD";"HOUSECOST";"NOMINAL";"IDX2015";"A";"2006";91.1030027641787;
"OECD";"HOUSECOST";"NOMINAL";"IDX2015";"A";"2007";94.1115604659347;
"OECD";"HOUSECOST";"NOMINAL";"IDX2015";"A";"2008";92.0953587289011;
"OECD";"HOUSECOST";"NOMINAL";"IDX2015";"A";"2009";88.2821682230323;
"OECD";"HOUSECOST";"NOMINAL";"IDX2015";"A";"2010";88.9434322791048;
"OECD";"HOUSECOST";"NOMINAL";"IDX2015";"A";"2011";88.6485756171775;
"OECD";"HOUSECOST";"NOMINAL";"IDX2015";"A";"2012";89.5772578732876;
"OECD";"HOUSECOST";"NOMINAL";"IDX2015";"A";"2013";92.2443179151335;
"OECD";"HOUSECOST";"NOMINAL";"IDX2015";"A";"2014";95.6599566710689;
"OECD";"HOUSECOST";"NOMINAL";"IDX2015";"A";"2015";100;
"OECD";"HOUSECOST";"NOMINAL";"IDX2015";"A";"2016";105.262281949969;
"OECD";"HOUSECOST";"NOMINAL";"IDX2015";"A";"2017";110.931155966197;
"OECD";"HOUSECOST";"NOMINAL";"IDX2015";"A";"2018";116.352012818649;
